﻿<?xml version="1.0" encoding="utf-8"?>
<Service xmlns="uri://bw.ubs.com.map" xmlns:xsi="http://www.w3.org/2001/XMLSchema-instance" 
    xsi:schemaLocation="uri://bw.ubs.com.map file:///C:/usr/dvl/JavaScript/DXL%20Connection%20Manager/src/main/resources/XML/DXL%20Connection%20Manager%20Schema/Schemas/DXL.xsd" >
    <Header UbsXmlStd="1.7" ServiceName="ClientEntitlement.GetAuthLoginData" Entity="033" BusnResult="Y" ExtGroupId="Djg8GCI0WACBXpVW" IntGroupId="" MessageId="PrvYFVIrXJ369BBZ" SessionId="CjtQCHB0WACBXpVW" SrvcPriority="2" PCCCValue="">
        <Version Major="1" Minor="0" Patch="0" />
        <SecurityContextList>
            <SecurityContext Index="1" UserType="2" Location="CH" AuthnStrength="S" AuthnTimeStamp="12345678901234567890123" Channel="10" Zone="-"/>
            <SecurityContext Index="2" UserType="2" SwSysId="G34" AudTrailId="G34" />
        </SecurityContextList>
    </Header>
    <Input>
        <ExtCwbContractId>81000003</ExtCwbContractId>
    </Input>
</Service>