<?xml version="1.0" encoding="ISO-8859-1"?>
<Service xmlns="uri://bw.ubs.com.map" targetNamespace="uri://bw.ubs.com.map" >
    <Header UbsXmlStd="1.7" ServiceName="string" Entity="772" BusnTxnId="string" Async="N" Confirm="Y" ExtGroupId="string" SrvcExecId="string" MessageId="string" SrvcPriority="7182710.2349058">
        <Version Major="1" Minor="0" Patch="0" />
        <SecurityContextList>
            <SecurityContext Index="1" UserType="2" Location="BE" AuthnStrength="S" AuthnTimeStamp="11111111111111111111" Channel="73" Zone="-"/>
            <SecurityContext Index="2" UserType="2" />
        </SecurityContextList>
    </Header>
    <Input>
        <ExtCwbContractId>7879</ExtCwbContractId>
    </Input>
</Service>