<?xml version="1.0" encoding="iSO-8859-1"?>
<Service xmlns="uri://bw.ubs.com.map" >
    <Header UbsXmlStd="1.7" ServiceName="ClientEntitlement.GetAuthLoginData" Entity="033" BusnTxnId="" BusnResult="Y" ExtGroupId="Djg8GCI0WACBXpVW" IntGroupId="" MessageId="PrvYFVIrXJ369BBZ" SessionId="CjtQCHB0WACBXpVW" SrvcPriority="" PCCCValue="">
        <Version Major="1" Minor="0" Patch="0" />
        <SecurityContextList>
            <SecurityContext Index="1" UserType="2" Location="CH" AuthnStrength="S" AuthnTimeStamp="20201215151725483000" Channel="10" Zone="-" />
            <SecurityContext Index="2" UserType="2" Zone="" SwSysId="G34" AudTrailId="G34" />
        </SecurityContextList>
    </Header>
    <Input>
        <ExtCwbContractId>81000003</ExtCwbContractId>
    </Input>
</Service>
